<?xml version="1.0" encoding="UTF-8"?>
<project-private xmlns="http://www.netbeans.org/ns/project-private/1">
    <editor-bookmarks xmlns="http://www.netbeans.org/ns/editor-bookmarks/2" lastBookmarkId="0"/>
    <open-files xmlns="http://www.netbeans.org/ns/projectui-open-files/2">
        <group>
            <file>file:/D:/Desktop/Secure%20Data/web/cloudviewfilesprivate.jsp</file>
            <file>file:/D:/Desktop/Secure%20Data/web/aa.jsp</file>
            <file>file:/D:/Desktop/Secure%20Data/web/aaact.jsp</file>
            <file>file:/D:/Desktop/Secure%20Data/web/keyverify1.jsp</file>
            <file>file:/D:/Desktop/Secure%20Data/web/cloudviewusers.jsp</file>
            <file>file:/D:/Desktop/Secure%20Data/web/cloudlogin.jsp</file>
            <file>file:/D:/Desktop/Secure%20Data/web/useractivate.jsp</file>
            <file>file:/D:/Desktop/Secure%20Data/web/dataproviderreg.jsp</file>
            <file>file:/D:/Desktop/Secure%20Data/web/dataproviderregact.jsp</file>
            <file>file:/D:/Desktop/Secure%20Data/web/cloudviewdataproviders.jsp</file>
            <file>file:/D:/Desktop/Secure%20Data/web/attributeverify1.jsp</file>
            <file>file:/D:/Desktop/Secure%20Data/web/keyverify.jsp</file>
            <file>file:/D:/Desktop/Secure%20Data/web/aahome.jsp</file>
            <file>file:/D:/Desktop/Secure%20Data/web/dataprovideractivate.jsp</file>
            <file>file:/D:/Desktop/Secure%20Data/web/cloudlogact.jsp</file>
            <file>file:/D:/Desktop/Secure%20Data/web/dataproviderfiles.jsp</file>
            <file>file:/D:/Desktop/Secure%20Data/web/attributeverify.jsp</file>
            <file>file:/D:/Desktop/Secure%20Data/web/userviewfiles1.jsp</file>
            <file>file:/D:/Desktop/Secure%20Data/web/cloudviewfiles.jsp</file>
            <file>file:/D:/Desktop/Secure%20Data/web/dataproviderhome.jsp</file>
            <file>file:/D:/Desktop/Secure%20Data/web/cloudviewfilesprivate1.jsp</file>
            <file>file:/D:/Desktop/Secure%20Data/web/publiccloud.jsp</file>
            <file>file:/D:/Desktop/Secure%20Data/web/jquery.js</file>
            <file>file:/D:/Desktop/Secure%20Data/web/downloadact.jsp</file>
            <file>file:/D:/Desktop/Secure%20Data/web/cloudviewfiles1.jsp</file>
            <file>file:/D:/Desktop/Secure%20Data/web/userdeactivate.jsp</file>
            <file>file:/D:/Desktop/Secure%20Data/web/duploadedfiles.jsp</file>
            <file>file:/D:/Desktop/Secure%20Data/web/filedownload2.jsp</file>
            <file>file:/D:/Desktop/Secure%20Data/web/userregact.jsp</file>
            <file>file:/D:/Desktop/Secure%20Data/web/userreg.jsp</file>
            <file>file:/D:/Desktop/Secure%20Data/web/policyverify.jsp</file>
            <file>file:/D:/Desktop/Secure%20Data/web/index.html</file>
            <file>file:/D:/Desktop/Secure%20Data/web/filedownload1.jsp</file>
            <file>file:/D:/Desktop/Secure%20Data/web/verify.jsp</file>
            <file>file:/D:/Desktop/Secure%20Data/web/privatecloud.jsp</file>
            <file>file:/D:/Desktop/Secure%20Data/web/dataproviderfiles1.jsp</file>
            <file>file:/D:/Desktop/Secure%20Data/web/keygeneration.jsp</file>
            <file>file:/D:/Desktop/Secure%20Data/web/viewusers.jsp</file>
            <file>file:/D:/Desktop/Secure%20Data/web/dataproviderencryptkeys1.jsp</file>
            <file>file:/D:/Desktop/Secure%20Data/web/userviewfiles.jsp</file>
            <file>file:/D:/Desktop/Secure%20Data/web/dataproviderencryptkeys.jsp</file>
            <file>file:/D:/Desktop/Secure%20Data/web/fileupload.jsp</file>
            <file>file:/D:/Desktop/Secure%20Data/web/dataproviderdeactivate.jsp</file>
            <file>file:/D:/Desktop/Secure%20Data/web/viewdataproviders.jsp</file>
            <file>file:/D:/Desktop/Secure%20Data/web/dataproviderloginact.jsp</file>
            <file>file:/D:/Desktop/Secure%20Data/web/userloginact.jsp</file>
            <file>file:/D:/Desktop/Secure%20Data/web/dataproviderlogin.jsp</file>
            <file>file:/D:/Desktop/Secure%20Data/web/userhome.jsp</file>
            <file>file:/D:/Desktop/Secure%20Data/web/cloudhome.jsp</file>
            <file>file:/D:/Desktop/Secure%20Data/web/viewprivatecloudfiles1.jsp</file>
            <file>file:/D:/Desktop/Secure%20Data/web/viewfiles.jsp</file>
            <file>file:/D:/Desktop/Secure%20Data/web/userlogin.jsp</file>
            <file>file:/D:/Desktop/Secure%20Data/web/viewprivatecloudfiles.jsp</file>
            <file>file:/D:/Desktop/Secure%20Data/web/cloudviewdataproviders1.jsp</file>
            <file>file:/D:/Desktop/Secure%20Data/web/aaverify.jsp</file>
            <file>file:/D:/Desktop/Secure%20Data/web/filedownload.jsp</file>
            <file>file:/D:/Desktop/Secure%20Data/web/viewfiles_1.jsp</file>
        </group>
    </open-files>
</project-private>
